Epoch,Step,Critic Real Loss,Critic Synthetic Loss,Critic Interpolated Loss,Generator Synthetic Loss,Critic Training Time Per Step,Generator Training Time Per Step,Overhead Time Per Step,Total Runtime
0,0,52.062912,-52.67781,0.66640943,-7.0517607,2.440441846847534,0.8624420166015625,1.5558562278747559,4.858744144439697
0,1,-29.463602,31.450241,0.087159246,11.766198,1.6859841346740723,0.6562800407409668,0.05707597732543945,7.270367860794067
0,2,12.38103,-10.48,0.077207804,12.993687,1.3971130847930908,0.5302400588989258,0.06110382080078125,9.265020847320557
0,3,23.505959,-22.358698,0.022345275,22.714058,1.4120900630950928,0.5152308940887451,0.06016898155212402,11.259047985076904
0,4,23.778027,-23.15568,0.10187948,-2.4251552,1.3745052814483643,0.5441610813140869,0.060855865478515625,13.245259046554565
0,5,-5.5392294,4.985384,0.029162245,-33.73627,1.3682847023010254,0.5337941646575928,0.05659317970275879,15.210222005844116
0,6,-43.087845,43.84684,0.07122619,-20.520433,1.370589256286621,0.5365822315216064,0.056870460510253906,17.18099880218506
0,7,-10.913254,10.808493,0.09921097,-3.592659,1.4187839031219482,0.5462429523468018,0.06171226501464844,19.213915824890137
0,8,-2.2522411,2.2501004,0.08693993,5.3574247,1.3958451747894287,0.5595269203186035,0.15334177017211914,21.329084873199463
0,9,1.3188192,0.17794788,0.17246428,-14.081831,1.6552181243896484,0.5867199897766113,0.06065201759338379,23.63912796974182
0,10,-17.15089,14.826012,0.0863834,-20.697605,1.497694969177246,0.5608601570129395,1.226928949356079,26.93258500099182
0,11,-21.030167,19.67609,0.07720095,-6.9206915,1.47652006149292,0.5693168640136719,0.05668807029724121,29.04361915588379
0,12,-15.594728,15.668202,0.15546519,-6.7776875,1.4691998958587646,0.5564160346984863,0.056854963302612305,31.13355588912964
0,13,2.8791232,-4.5020695,0.35074896,12.913105,1.429332971572876,0.5357871055603027,0.06002378463745117,33.16509485244751
0,14,-2.3277655,2.8027284,0.15175754,-1.4173338,1.43345308303833,0.539276123046875,0.058190107345581055,35.20252275466919
0,15,-0.96211696,-0.1442697,0.03343228,-0.5117097,1.4373559951782227,0.5429949760437012,0.05728507041931152,37.2469699382782
0,16,7.924641,-7.7185287,0.011821357,18.748253,1.4352960586547852,0.5433158874511719,0.06251025199890137,39.294174909591675
0,17,14.776447,-14.823444,0.009279303,55.64876,1.4282400608062744,0.533200740814209,0.06004524230957031,41.3220489025116
0,18,33.417732,-33.40656,0.018531667,-1.0760572,1.4296839237213135,0.5436091423034668,0.15582489967346191,43.457321882247925
0,19,38.345963,-41.357822,0.080140054,49.60296,1.4536089897155762,0.5684101581573486,0.06257057189941406,45.54995894432068
0,20,70.84395,-72.46602,0.19127919,95.068954,1.4330098628997803,0.5580189228057861,1.2243022918701172,48.77207088470459
0,21,79.80286,-79.77183,0.23291615,88.25738,1.4207501411437988,0.5461328029632568,0.0581362247467041,50.80369591712952
0,22,68.981094,-72.14012,0.22708416,89.44901,1.4291858673095703,0.5554051399230957,0.05910015106201172,52.85396599769592
0,23,93.02191,-89.2587,0.07016658,71.95897,1.429269790649414,0.5432982444763184,0.056822776794433594,54.890506982803345
0,24,66.51384,-65.42188,0.012739381,62.063995,1.427095651626587,0.5401730537414551,0.05789637565612793,56.922181844711304
0,25,65.15203,-65.01257,0.024498347,40.09419,1.4218590259552002,0.5485246181488037,0.05992913246154785,58.95895290374756
0,26,35.26586,-35.312717,0.117793635,38.431408,1.4321188926696777,0.5558948516845703,0.058187246322631836,61.012216091156006
0,27,38.146538,-39.303146,0.1461372,26.984543,1.4275691509246826,0.540269136428833,0.05800294876098633,63.04499411582947
0,28,33.420296,-28.520247,0.7715308,32.267628,1.4289562702178955,0.5483038425445557,0.06223797798156738,65.09074878692627
0,29,35.377895,-34.536457,0.08877328,21.710934,1.414937973022461,0.5382132530212402,0.06445097923278809,67.1149799823761
0,30,20.99406,-19.334892,0.0287366,21.88203,1.4166779518127441,0.5476391315460205,1.3216629028320312,70.40681791305542
0,31,19.659182,-20.250177,0.047727555,11.980663,1.444230079650879,0.5626611709594727,0.06399965286254883,72.48439502716064
0,32,7.885957,-8.185769,0.020529035,0.5942483,1.4383518695831299,0.5198259353637695,0.06214714050292969,74.51204204559326
0,33,-9.208872,9.215554,0.020253789,-15.343294,1.4317288398742676,0.544396162033081,0.06116008758544922,76.55627179145813
0,34,-17.412277,15.774593,0.027649593,-6.710899,1.4277629852294922,0.5305211544036865,0.06558060646057129,78.58626794815063
0,35,10.109094,-10.009586,0.37685084,-1.6038022,1.4267079830169678,0.5491702556610107,0.06329965591430664,80.63234996795654
0,36,2.99441,-2.9799955,0.028554153,1.9027629,1.4265789985656738,0.5373029708862305,0.0632472038269043,82.66546678543091
0,37,9.299654,-10.37614,0.018542849,26.87165,1.4309399127960205,0.5486009120941162,0.06598520278930664,84.71715188026428
0,38,53.37799,-54.30268,0.10114894,55.61656,1.4296338558197021,0.5422470569610596,0.06275415420532227,86.75886392593384
0,39,53.157875,-54.787758,0.037056044,52.293983,1.4222018718719482,0.5315651893615723,0.06584286689758301,88.78603482246399
0,40,53.999275,-56.660004,0.086455114,52.24834,1.4287528991699219,0.5640809535980225,1.303178310394287,92.08903193473816
0,41,56.100033,-57.752064,0.021302637,49.5884,1.4460358619689941,0.5705320835113525,0.060192108154296875,94.17251396179199
0,42,42.73431,-42.10036,0.050706238,38.374973,1.4260921478271484,0.5826921463012695,0.0588536262512207,96.24727296829224
0,43,34.519257,-31.46541,0.034066517,25.817902,1.4334850311279297,0.5402078628540039,0.06210923194885254,98.28919982910156
0,44,12.648855,-13.927103,0.043491356,11.191025,1.4353892803192139,0.5465948581695557,0.05951976776123047,100.33689188957214
0,45,15.744285,-14.438261,0.2545382,-4.9790382,1.4463188648223877,0.5402657985687256,0.05920124053955078,102.38976693153381
0,46,13.210123,-14.732976,0.031944163,33.570656,1.4274230003356934,0.5333559513092041,0.06208205223083496,104.41867804527283
0,47,31.264526,-32.034595,0.026284589,21.104746,1.4205009937286377,0.5425851345062256,0.05888175964355469,106.44716382026672
0,48,17.016954,-15.584471,0.019217819,5.321765,1.4116358757019043,0.5304598808288574,0.059641122817993164,108.45557284355164
0,49,5.803942,-9.632907,0.02174467,15.406849,1.4236788749694824,0.549483060836792,0.06327319145202637,110.49823093414307
0,50,13.086879,-12.124272,0.5686437,7.033454,1.4167120456695557,0.5399341583251953,1.3268077373504639,113.7880289554596
0,51,9.915611,-7.066777,0.09031329,22.790674,1.4516549110412598,0.5516679286956787,0.06084418296813965,115.8598690032959
0,52,48.12269,-46.631065,0.010896488,45.630775,1.4378900527954102,0.5540661811828613,0.06284475326538086,117.92193984985352
0,53,56.937237,-56.40591,0.018674923,59.83413,1.4302129745483398,0.5567259788513184,0.06030464172363281,119.97504687309265
0,54,59.613445,-60.41925,0.09590776,54.804985,1.4241130352020264,0.5307462215423584,0.05981779098510742,121.99687385559082
0,55,60.02442,-63.121555,0.18132049,68.424614,1.4276926517486572,0.5490951538085938,0.06418991088867188,124.04449200630188
0,56,76.51281,-83.354996,0.11370101,112.650055,1.4819800853729248,0.5846269130706787,0.06238198280334473,126.1801278591156
0,57,105.84689,-100.4346,0.12827395,29.345806,1.427624225616455,0.555419921875,0.059142112731933594,128.2298309803009
0,58,13.288616,-12.357565,0.024767734,11.19931,1.4349701404571533,0.5674571990966797,0.06340360641479492,130.30258297920227
0,59,21.807858,-22.764578,0.051586688,18.131456,1.438438892364502,0.5430998802185059,0.06249117851257324,132.3534278869629
0,60,18.186632,-18.89106,0.14592123,25.284264,1.4303710460662842,0.5677969455718994,1.3143911361694336,135.6730170249939
0,61,21.487988,-21.156235,0.028502807,17.823063,1.4684391021728516,0.5997588634490967,0.06374812126159668,137.8130030632019
0,62,11.572308,-11.568089,0.019587744,18.156467,1.4347991943359375,0.5382399559020996,0.059905052185058594,139.85220408439636
0,63,21.898518,-23.395111,0.008546146,46.49651,1.423340082168579,0.5741698741912842,0.06203627586364746,141.9189031124115
0,64,8.753598,-6.8035364,0.023867484,9.197962,1.5202558040618896,0.6310970783233643,0.06533598899841309,144.14313793182373
0,65,-23.981756,23.043867,0.037662044,-41.364063,1.5093607902526855,0.5972311496734619,0.061575889587402344,146.31891989707947
0,66,-44.408142,42.733112,0.067107275,-62.967857,1.471621036529541,0.5709230899810791,0.060492753982543945,148.4296419620514
0,67,3.2517715,-2.8540058,0.04448899,-3.8796825,1.4673340320587158,0.5876929759979248,0.06520700454711914,150.5567228794098
0,68,10.518332,-7.448226,0.03952913,-17.129236,1.4368500709533691,0.5850329399108887,0.06383490562438965,152.6484410762787
0,69,-14.1105995,11.423135,0.011681747,-2.8951735,1.4332852363586426,0.5596611499786377,0.06200695037841797,154.71057677268982
0,70,-3.7538652,4.1895933,0.17002043,-1.2577395,1.4196429252624512,0.5354602336883545,1.3558788299560547,158.02757787704468
0,71,20.392784,-18.526468,0.017042587,29.31448,1.4436821937561035,0.5850851535797119,0.06362557411193848,160.12684106826782
0,72,36.862133,-36.199986,0.038775537,43.00112,1.4570670127868652,0.576714038848877,0.06262397766113281,162.23010396957397
0,73,26.698965,-29.605934,0.044626556,28.122164,1.4090101718902588,0.5480356216430664,0.06427240371704102,164.25821113586426
0,74,65.70855,-64.60491,0.42266345,44.52127,1.415661096572876,0.5411138534545898,0.062380075454711914,166.28373098373413
0,75,36.619934,-37.443954,0.07954636,34.104233,1.411808967590332,0.5445029735565186,0.061469078063964844,168.30863094329834
0,76,39.205627,-39.68456,0.01965117,61.919426,1.4247729778289795,0.560150146484375,0.06534385681152344,170.36542892456055
0,77,49.905922,-51.23271,0.0336091,54.121536,1.425443172454834,0.5355081558227539,0.06551384925842285,172.3982388973236
0,78,48.556084,-45.922813,0.09944555,32.39298,1.419477939605713,0.5409889221191406,0.0635380744934082,174.42956590652466
0,79,25.243055,-24.998184,0.09854421,22.840435,1.4110121726989746,0.5562880039215088,0.06873011589050293,176.47234678268433
0,80,26.445549,-25.803938,0.11206865,26.3717,1.4213199615478516,0.5365898609161377,1.3186640739440918,179.75618505477905
0,81,16.450335,-16.416729,0.011707638,14.377735,1.4381649494171143,0.5892949104309082,0.06426596641540527,181.85531282424927
0,82,5.398587,-5.9054966,0.014224489,8.014632,1.4233450889587402,0.5488507747650146,0.06067705154418945,183.89627695083618
0,83,13.008457,-14.049561,0.020950565,7.6121798,1.4410769939422607,0.5869171619415283,0.059432029724121094,185.99044394493103
0,84,13.500734,-12.56385,0.008477598,18.952255,1.4354979991912842,0.5371530055999756,0.059496164321899414,188.0300841331482
0,85,16.938557,-15.182484,0.01830421,10.4403,1.4241280555725098,0.529836893081665,0.06003117561340332,190.050861120224
0,86,7.279153,-8.011063,0.02942285,11.386001,1.4168128967285156,0.5374588966369629,0.05953621864318848,192.07070207595825
0,87,13.365881,-12.312552,0.029127952,23.974916,1.411586046218872,0.5359170436859131,0.05975484848022461,194.08497405052185
0,88,24.687195,-23.851545,0.07899904,15.688892,1.4324982166290283,0.5617508888244629,0.060811758041381836,196.14638590812683
0,89,13.785702,-13.682234,0.028287094,16.117947,1.4309890270233154,0.5549111366271973,0.05787372589111328,198.1967749595642
0,90,21.88351,-21.608292,0.06617009,25.38215,1.4197900295257568,0.5418479442596436,1.350088119506836,201.51518487930298
0,91,37.10331,-36.417953,0.019035045,41.341118,1.439702033996582,0.587468147277832,0.06167888641357422,203.61157083511353
0,92,33.503067,-35.585815,0.035111014,36.508644,1.4716248512268066,0.5920917987823486,0.05805230140686035,205.7407169342041
0,93,47.99862,-47.477264,0.55980206,57.387016,1.4296910762786865,0.5536329746246338,0.05788421630859375,207.78972792625427
0,94,59.253967,-57.90503,0.020064807,57.251232,1.4140889644622803,0.5341670513153076,0.06081581115722656,209.80520486831665
0,95,64.38493,-63.586193,0.013324446,87.19792,1.428236961364746,0.5825479030609131,0.05832815170288086,211.8805389404297
0,96,122.497955,-124.760635,0.1441041,152.21124,1.413527250289917,0.5540568828582764,0.05933785438537598,213.9139928817749
0,97,96.91412,-95.82556,0.06987145,102.714066,1.4182541370391846,0.5646250247955322,0.06293392181396484,215.96603894233704
0,98,102.53133,-107.040184,0.1532739,128.2655,1.429429292678833,0.5464682579040527,0.05933046340942383,218.00808596611023
0,99,7.8346434,-7.9875054,0.025182724,11.422256,1.4326848983764648,0.5593242645263672,0.05904579162597656,220.06683087348938
0,100,10.790248,-13.190668,0.033753708,8.127659,1.4331698417663574,0.5497400760650635,1.2457239627838135,223.3025050163269
0,101,7.169644,-8.825901,0.071883865,5.48475,1.4420270919799805,0.5971221923828125,0.06139993667602539,225.41093611717224
0,102,-5.175659,7.6882324,0.28022772,8.735839,1.5026681423187256,0.6020472049713135,0.062343597412109375,227.5854070186615
0,103,-19.83696,18.802956,0.25514638,-16.261827,1.4360511302947998,0.5443439483642578,0.06223297119140625,229.63527607917786
0,104,-1.7750597,3.9948714,0.036462117,-1.336305,1.512190818786621,0.566227912902832,0.060006141662597656,231.7797498703003
0,105,-0.07264733,0.7734765,0.026379205,-4.063239,1.4578540325164795,0.6072342395782471,0.20377182960510254,234.05479884147644
0,106,-4.2848964,2.0978303,0.03966188,18.170898,1.4635000228881836,0.6533389091491699,0.06370806694030762,236.24264097213745
0,107,34.439068,-37.24544,0.15735403,94.125336,1.4522221088409424,0.5383641719818115,0.05885457992553711,238.29885697364807
0,108,85.63078,-84.72304,0.100425,71.14886,1.4473528861999512,0.5819048881530762,0.0596013069152832,240.39459776878357
0,109,53.792416,-49.78321,0.06464685,26.371326,1.429969072341919,0.5544872283935547,0.061841726303100586,242.44822692871094
0,110,24.30474,-26.775537,0.047745887,43.324318,1.4302749633789062,0.5909271240234375,1.2263498306274414,245.70241594314575
0,111,34.38176,-33.730408,0.048465747,6.324198,1.440849781036377,0.5687329769134521,0.060173988342285156,247.77966690063477
0,112,-13.013751,11.5410385,0.10463997,-20.04694,1.4295880794525146,0.5605368614196777,0.06387901306152344,249.84090995788574
0,113,-31.92696,29.205795,0.20804226,-30.114721,1.4276752471923828,0.5413219928741455,0.05999302864074707,251.87709379196167
0,114,-4.1599483,5.164276,0.019731019,-2.3965986,1.423846960067749,0.5444552898406982,0.05992579460144043,253.91264414787292
0,115,15.891488,-15.360083,0.10514028,18.874346,1.5221209526062012,0.5500969886779785,0.06419706344604492,256.0567500591278
0,116,18.165041,-17.648775,0.0327678,34.967728,1.4461748600006104,0.5364608764648438,0.061283111572265625,258.1082968711853
0,117,53.04306,-57.44364,0.100634664,66.23045,1.4247331619262695,0.5433049201965332,0.06237483024597168,260.1451210975647
0,118,68.0831,-65.52998,0.2660731,56.078743,1.43949294090271,0.5795629024505615,0.06419825553894043,262.23673605918884
0,119,35.750717,-35.919247,0.030543316,10.513846,1.4286980628967285,0.5547866821289062,0.06164836883544922,264.28874707221985
0,120,-20.070986,18.718113,0.03906026,-36.24283,1.4330499172210693,0.5733511447906494,1.2176198959350586,267.51983308792114
0,121,-45.127415,41.21888,0.33217728,-39.99617,1.4556009769439697,0.6147420406341553,0.06577873229980469,269.6654987335205
0,122,-33.121773,36.61425,0.035641074,-5.1849813,1.488205909729004,0.5657618045806885,0.06257915496826172,271.78928995132446
0,123,-3.8347435,4.088168,0.015860656,-3.5634637,1.4498741626739502,0.5693678855895996,0.06254005432128906,273.878545999527
0,124,-4.064353,5.446371,0.028819898,11.566452,1.4411811828613281,0.5509521961212158,0.06618380546569824,275.94423389434814
0,125,15.7184725,-18.77557,0.04262554,-7.6604085,1.4452378749847412,0.5739588737487793,0.17229509353637695,278.14292883872986
0,126,14.898067,-15.946247,0.028554292,17.521732,1.447221040725708,0.5642642974853516,0.06267166137695312,280.2237319946289
0,127,21.181126,-19.379454,0.16095653,22.216408,1.44980788230896,0.5586140155792236,0.06539320945739746,282.30553913116455
0,128,27.846195,-30.2748,0.010897303,30.928272,1.441715955734253,0.5587799549102783,0.06276297569274902,284.37530398368835
0,129,32.95291,-32.87421,0.017428419,22.405035,1.449704885482788,0.5495879650115967,0.06400299072265625,286.4455728530884
0,130,37.245712,-38.22519,0.023049703,23.134647,1.497730016708374,0.5789651870727539,1.2469780445098877,289.7766010761261
0,131,31.081957,-31.46646,0.023894608,29.309414,1.4522452354431152,0.6032388210296631,0.0633702278137207,291.9019229412079
0,132,29.213232,-30.977367,0.034866627,37.833206,1.4491057395935059,0.5528531074523926,0.06444621086120605,293.97518491744995
0,133,72.73939,-73.47937,0.7199553,57.054222,1.4830379486083984,0.5934832096099854,0.06652474403381348,296.12501287460327
0,134,58.892006,-58.935234,0.044564623,16.969967,1.4523138999938965,0.5561668872833252,0.06431388854980469,298.2045419216156
0,135,18.752853,-20.032999,0.19465128,36.98093,1.4491209983825684,0.5534708499908447,0.17281532287597656,300.387375831604
0,136,-40.057526,37.39486,0.024166107,-113.168015,1.461233139038086,0.5909340381622314,0.0675349235534668,302.51385402679443
0,137,-89.26082,88.572174,0.12587571,-86.72508,1.4597480297088623,0.577246904373169,0.06406521797180176,304.62158393859863
0,138,-76.609215,74.8327,0.13893348,-60.807106,1.449145793914795,0.5790863037109375,0.0637807846069336,306.7204968929291
0,139,-32.077423,26.604034,0.08318562,-15.267324,1.4411261081695557,0.5808818340301514,0.06750798225402832,308.81733298301697
0,140,37.662937,-35.830116,0.62614155,16.387121,1.4714601039886475,0.8052670955657959,1.269925832748413,312.37003684043884
0,141,21.574877,-20.957775,0.02919645,25.398228,1.5036590099334717,0.5779907703399658,0.06823444366455078,314.52794075012207
0,142,18.887274,-21.486828,0.037116457,26.191319,1.494016170501709,0.5655741691589355,0.06727361679077148,316.6612160205841
0,143,37.014084,-33.40484,0.91430575,9.4036255,1.4575519561767578,0.5312378406524658,0.06077098846435547,318.71832180023193
0,144,6.6416855,-6.26244,0.08840002,-10.734055,1.4077129364013672,0.5519411563873291,0.06383705139160156,320.74820709228516
0,145,-22.649662,21.294495,0.14638233,-6.214551,1.4254677295684814,0.553253173828125,0.15643906593322754,322.88960313796997
0,146,0.26918697,-0.60402274,0.8439791,-0.042038083,1.3928940296173096,0.5445048809051514,0.06023716926574707,324.89348697662354
0,147,-15.459683,18.612879,0.05261801,-17.143373,1.3891420364379883,0.549354076385498,0.0638728141784668,326.90179896354675
0,148,-13.385312,14.165556,0.05011726,-5.7588015,1.3801088333129883,0.5337629318237305,0.05981922149658203,328.8822889328003
0,149,-5.521648,7.062157,0.029437952,-20.15969,1.4122979640960693,0.5755519866943359,0.06287813186645508,330.9394328594208
0,150,-26.706074,27.843748,0.011571026,-30.698929,1.3911707401275635,0.5466537475585938,1.208939552307129,334.0922727584839
0,151,-31.154955,29.931095,0.016500741,-32.519573,1.4115509986877441,0.5457582473754883,0.06109786033630371,336.1187241077423
0,152,-65.11966,64.06662,0.05480975,-92.27864,1.3951842784881592,0.5551619529724121,0.06008791923522949,338.1353268623352
0,153,-79.1248,79.623856,0.07697649,-69.75428,1.381889820098877,0.5300631523132324,0.0656130313873291,340.119225025177
0,154,-62.90326,62.983727,0.011342294,-67.505806,1.3881738185882568,0.5327770709991455,0.1466050148010254,342.1934280395508
0,155,-66.7082,63.850056,0.035782278,-60.788918,1.3917019367218018,0.5626418590545654,0.06349539756774902,344.2173879146576
0,156,-41.54772,47.67556,0.62378246,-81.944595,1.4390861988067627,0.544111967086792,0.06566977500915527,346.27299880981445
0,157,-74.179794,70.38345,0.06236647,-57.510456,1.4353480339050293,0.5707049369812012,0.06293296813964844,348.3485519886017
0,158,-64.67561,63.87529,0.1499684,-65.74174,1.4132940769195557,0.5521950721740723,0.06197786331176758,350.3820128440857
0,159,-60.754486,61.0198,0.05460156,-58.71319,1.381394863128662,0.5577657222747803,0.06498432159423828,352.3926179409027
0,160,-59.3648,55.607357,0.015879892,-77.82062,1.3928110599517822,0.5319516658782959,1.2327063083648682,355.55670404434204
0,161,-104.313156,105.12517,0.50071526,-88.20494,1.4310410022735596,0.5719161033630371,0.06272315979003906,357.6301808357239
0,162,-113.55504,110.62169,0.21296051,-117.853455,1.422987699508667,0.5306332111358643,0.06513500213623047,359.65500688552856
0,163,-66.74173,65.35814,0.03262602,-68.21087,1.4005529880523682,0.581589937210083,0.155181884765625,361.79908990859985
0,164,-78.88277,78.225296,0.3248832,-71.138466,1.4017601013183594,0.5503978729248047,0.05964207649230957,363.81709003448486
0,165,-60.305428,61.32109,0.0170818,-51.24301,1.393164873123169,0.5436139106750488,0.061440229415893555,365.8221378326416
0,166,-51.68013,52.896633,0.009155592,-62.73886,1.3964691162109375,0.555325984954834,0.05962681770324707,367.84006810188293
0,167,-73.47701,70.466774,0.03362857,-64.58978,1.3800480365753174,0.573401927947998,0.060235023498535156,369.8600859642029
0,168,-54.426907,54.415237,0.41880566,-64.483536,1.3936398029327393,0.5498030185699463,0.06313395500183105,371.87294578552246
0,169,-66.54172,66.373055,0.17726302,-60.290276,1.3811571598052979,0.5288572311401367,0.060945749282836914,373.85056591033936
0,170,-72.03677,71.522644,0.14734563,-96.34706,1.3838810920715332,0.5600619316101074,1.2241640090942383,377.0248670578003
0,171,-56.19348,56.452118,0.03330915,-71.9617,1.4210519790649414,0.5563240051269531,0.06421422958374023,379.07305693626404
0,172,-77.40707,76.477295,0.029083863,-103.32792,1.3840179443359375,0.5705859661102295,0.06407475471496582,381.0988118648529
0,173,-109.49261,111.44578,0.35227948,-61.095764,1.3885769844055176,0.5572981834411621,0.1491549015045166,383.20039081573486
0,174,-60.046783,58.445057,0.056586895,-58.96512,1.3943829536437988,0.5604591369628906,0.06375789642333984,385.22569584846497
0,175,-30.47168,28.90261,0.060608044,-19.815624,1.3974509239196777,0.5590450763702393,0.06093788146972656,387.2495448589325
0,176,-53.557587,50.905693,0.2353555,-66.78487,1.3819799423217773,0.5713348388671875,0.06262326240539551,389.2717697620392
0,177,-49.778492,48.51207,0.103388175,-38.52036,1.4041528701782227,0.5459988117218018,0.06394743919372559,391.2921447753906
0,178,-29.863613,28.618753,0.04280709,-22.866833,1.3857059478759766,0.5281269550323486,0.061326026916503906,393.2741050720215
0,179,-24.36346,19.855265,0.09822019,-31.848272,1.4408628940582275,0.5631961822509766,0.06415390968322754,395.3486588001251
0,180,-52.944176,50.407883,0.1998549,-43.311634,1.4259319305419922,0.5235681533813477,1.2342140674591064,398.5391080379486
0,181,-4.6254406,3.5994842,0.071179986,-4.0327926,1.4888849258422852,0.5420219898223877,0.06354188919067383,400.6412138938904
0,182,-6.8079267,4.7496905,0.055633433,-2.2160208,1.4504220485687256,0.5898580551147461,0.06330990791320801,402.7514810562134
0,183,-11.394907,10.266944,0.315724,-17.385159,1.4347679615020752,0.5665199756622314,0.06457400321960449,404.82355999946594
0,184,-6.138188,4.0178657,0.0733302,-9.087676,1.3838632106781006,0.5440258979797363,0.149122953414917,406.9070818424225
0,185,-9.177597,8.556703,0.025286676,-54.69934,1.3867807388305664,0.5619640350341797,0.06211590766906738,408.9253408908844
0,186,-96.44862,96.639206,0.22316544,-15.523123,1.390848159790039,0.5526478290557861,0.06508803367614746,410.94016885757446
0,187,-90.39961,91.783356,1.7261555,-30.233475,1.3763389587402344,0.5313541889190674,0.06542396545410156,412.92054986953735
0,188,-15.110643,13.939571,0.21399531,8.168421,1.3874561786651611,0.5326011180877686,0.06329178810119629,414.91014099121094
0,189,38.825405,-38.927948,0.22680154,6.568077,1.3871901035308838,0.5708038806915283,0.06650233268737793,416.9406337738037
0,190,-22.19567,20.421036,0.08526374,-51.848145,1.3969740867614746,0.5270247459411621,1.229687213897705,420.10181188583374
0,191,-36.095867,33.957153,0.055987295,-51.868607,1.4345979690551758,0.5531620979309082,0.06726574897766113,422.1645019054413
0,192,-97.31256,95.48772,0.038348466,-146.4844,1.4058959484100342,0.5956838130950928,0.07091236114501953,424.24433517456055
0,193,-172.20776,167.3585,1.7325602,-96.273766,1.4321873188018799,0.5483520030975342,0.06748270988464355,426.29909086227417
0,194,-79.100685,75.8412,0.17277494,-87.317535,1.4177279472351074,0.5707318782806396,0.0675344467163086,428.36158990859985
0,195,-29.094942,27.00602,0.07973305,-34.532394,1.3877110481262207,0.5502529144287109,0.15634608268737793,430.4624660015106
0,196,-38.030846,35.541355,0.070513844,-28.543137,1.389448881149292,0.5458869934082031,0.06496906280517578,432.4695007801056
0,197,-4.4577794,3.4826474,0.22365303,0.24156094,1.3883399963378906,0.551055908203125,0.0663902759552002,434.48131680488586
0,198,-24.88123,26.059866,0.013064239,-18.565891,1.3899917602539062,0.562492847442627,0.06987237930297852,436.5108528137207
0,199,-8.7367325,7.086464,0.050392207,10.013414,1.389848232269287,0.5425729751586914,0.06851363182067871,438.5182378292084
0,200,6.2022743,-7.6563745,0.13310313,-9.3836155,1.3860149383544922,0.5673129558563232,1.2534050941467285,441.7309889793396
0,201,17.322054,-23.84815,0.26330298,16.480703,1.4594149589538574,0.5595929622650146,0.06978011131286621,443.82750487327576
0,202,-29.700848,33.390335,0.030839099,-55.247173,1.412564992904663,0.5616121292114258,0.06574296951293945,445.8742229938507
0,203,-34.96381,34.952843,0.027984757,-35.013725,1.4197719097137451,0.5444941520690918,0.1567211151123047,448.0017659664154
0,204,-33.87589,31.365284,0.022130746,-27.882366,1.441324234008789,0.5675990581512451,0.06770992279052734,450.0851011276245
0,205,-38.162895,34.63241,0.04315782,-57.92291,1.3928937911987305,0.5514309406280518,0.05954909324645996,452.09516286849976
0,206,-100.21715,99.93701,0.97160864,-70.523865,1.3955750465393066,0.5618801116943359,0.06223487854003906,454.1213779449463
0,207,-83.43042,79.67212,0.14947528,-74.52568,1.385580062866211,0.5747897624969482,0.06949520111083984,456.1579849720001
0,208,-105.90545,106.65541,0.35298702,-65.06778,1.4575779438018799,0.5815370082855225,0.06485581398010254,458.26869082450867
0,209,-68.79554,72.20723,0.1433438,-29.813084,1.3950550556182861,0.5563569068908691,0.06068611145019531,460.2872619628906
0,210,-34.590065,34.342598,0.12048788,-39.741623,1.436561107635498,0.5668261051177979,1.2297136783599854,463.52692198753357
0,211,-48.389355,50.019104,0.14625418,-43.83259,1.456378698348999,0.562169075012207,0.0608212947845459,465.6131410598755
0,212,-41.974052,38.050053,0.24599655,-31.020388,1.4082250595092773,0.5492570400238037,0.06054186820983887,467.63755798339844
0,213,-35.21569,35.72513,0.12297742,-38.82637,1.419919729232788,0.5256021022796631,0.1521601676940918,469.7417070865631
0,214,-38.824444,37.244797,0.05898677,-34.12722,1.4162490367889404,0.5788850784301758,0.060817718505859375,471.803719997406
0,215,-17.813454,17.25402,0.095569804,-20.817286,1.391611099243164,0.5445091724395752,0.06166863441467285,473.8079857826233
0,216,-21.274117,21.648497,0.52408886,-15.142856,1.384516716003418,0.5484700202941895,0.06389307975769043,475.8116490840912
0,217,-23.143753,21.229456,0.20362245,-8.449346,1.3965868949890137,0.5617799758911133,0.0622711181640625,477.8388018608093
0,218,-17.068024,19.06446,0.7796973,28.727032,1.4087398052215576,0.5722169876098633,0.0623171329498291,479.88831305503845
0,219,45.085045,-46.701054,0.08229383,54.776344,1.390333890914917,0.5393838882446289,0.0634920597076416,481.88808488845825
0,220,51.867172,-52.63714,0.13241482,51.737633,1.392378807067871,0.5263721942901611,1.2309279441833496,485.0442440509796
0,221,49.424667,-51.567772,0.09477554,57.772823,1.4776718616485596,0.5644159317016602,0.06139516830444336,487.1550259590149
0,222,65.24079,-67.39005,0.047141805,68.25058,1.4330532550811768,0.5706601142883301,0.0651857852935791,489.23040986061096
0,223,62.142742,-60.082382,0.18319197,74.19757,1.3992359638214111,0.5615561008453369,0.0630331039428711,491.2617950439453
0,224,95.71117,-95.742676,0.08451344,124.15952,1.4482200145721436,0.5321528911590576,0.06411504745483398,493.31239080429077
0,225,127.12466,-129.16446,0.42649078,149.5528,1.39031982421875,0.5623331069946289,0.06404614448547363,495.3357708454132
0,226,118.48288,-120.67789,0.027097683,125.71208,1.3921127319335938,0.579200029373169,0.06068301200866699,497.3740019798279
0,227,127.19356,-127.95528,0.20815456,114.951004,1.3949801921844482,0.5497899055480957,0.19770598411560059,499.52252888679504
0,228,114.46414,-116.40561,0.074235424,121.054184,1.433105230331421,0.5685319900512695,0.06338882446289062,501.5939610004425
0,229,106.35812,-107.55713,0.024053864,110.041084,1.3990578651428223,0.5672519207000732,0.0626530647277832,503.62969398498535
0,230,139.95685,-138.05165,0.034620114,129.30814,1.4365787506103516,0.5870048999786377,1.2314941883087158,506.89198899269104
0,231,128.3178,-130.2227,0.06592242,126.94552,1.4827570915222168,0.5687868595123291,0.06618905067443848,509.0180380344391
0,232,114.2948,-116.87436,0.065772496,135.69116,1.4873530864715576,0.5754580497741699,0.06350469589233398,511.15102791786194
0,233,133.28241,-132.16594,0.029629597,127.82384,1.4455628395080566,0.558438777923584,0.06268715858459473,513.2239317893982
0,234,151.52835,-153.1886,0.07445964,206.34354,1.4338760375976562,0.5562498569488525,0.06595182418823242,515.2870488166809
0,235,210.59618,-216.82281,0.04657179,292.6941,1.3882911205291748,0.5624587535858154,0.060024261474609375,517.3049898147583
0,236,187.0485,-184.54135,0.26886737,125.94478,1.4139127731323242,0.5605661869049072,0.0586552619934082,519.3444759845734
0,237,75.293045,-74.49023,0.11427898,62.083607,1.4057800769805908,0.6688508987426758,0.06078910827636719,521.486820936203
0,238,45.509624,-47.101784,0.03333883,43.58998,1.3973820209503174,0.5459060668945312,0.059091806411743164,523.4959480762482
0,239,-83.21021,80.86862,1.4027402,-76.51936,1.38673996925354,0.525670051574707,0.06036710739135742,525.4752039909363
0,240,-56.22668,58.229877,0.057386365,-40.71667,1.3864760398864746,0.5571327209472656,1.2063941955566406,528.6319930553436
0,241,-42.05171,42.149445,0.03733176,-24.788826,1.4186818599700928,0.564626932144165,0.0623011589050293,530.685485124588
0,242,-52.076344,50.894344,0.056178883,-36.999695,1.418626070022583,0.5784640312194824,0.06156182289123535,532.7503399848938
0,243,-26.693783,26.206005,0.040756874,-46.384247,1.4227960109710693,0.5789151191711426,0.0653078556060791,534.8252680301666
0,244,-68.85752,68.91832,0.08673914,-81.37988,1.4208180904388428,0.5857038497924805,0.06078028678894043,536.8989470005035
0,245,-92.027145,90.2543,0.30719948,-119.07872,1.4079978466033936,0.5908288955688477,0.062357187271118164,538.9663968086243
0,246,-86.02011,85.48206,0.08189878,-89.28797,1.3895189762115479,0.5493650436401367,0.06275606155395508,540.9748809337616
0,247,-95.51161,93.55416,0.11711199,-93.30139,1.3909862041473389,0.5535850524902344,0.16700077056884766,543.09272813797
0,248,-154.75827,158.18748,0.12384284,-85.390305,1.3871381282806396,0.5656006336212158,0.06103920936584473,545.1142389774323
0,249,-70.438644,69.82989,0.07870114,-66.26695,1.3940961360931396,0.5669870376586914,0.06359601020812988,547.1460509300232
0,250,-62.74368,63.035515,0.046241324,-49.136703,1.395709753036499,0.5385651588439941,1.228550910949707,550.3154549598694
0,251,-59.065235,59.169758,0.033597127,-65.60599,1.4171500205993652,0.5475080013275146,0.06446504592895508,552.3520660400391
0,252,-52.256836,52.113884,0.1190909,-51.72941,1.3799819946289062,0.5589797496795654,0.06344914436340332,554.3611919879913
0,253,-55.17064,53.51371,0.1454089,-49.84622,1.3903579711914062,0.6004562377929688,0.06125664710998535,556.41974401474
0,254,-31.650204,34.835716,0.047191978,-42.04242,1.4003162384033203,0.5535211563110352,0.0602116584777832,558.4399580955505
0,255,-47.71631,47.736908,0.106625475,-93.317184,1.391394853591919,0.5615990161895752,0.0634000301361084,560.4636948108673
0,256,-92.830734,90.68835,0.3728901,-42.411644,1.3802947998046875,0.5421249866485596,0.06034111976623535,562.452929019928
0,257,-48.265694,47.704998,0.05649843,-3.94031,1.4185550212860107,0.5622620582580566,0.06427788734436035,564.5042159557343
0,258,41.015152,-39.52583,0.0131918285,58.429554,1.3869221210479736,0.5450308322906494,0.06501221656799316,566.5081851482391
0,259,52.99067,-55.982765,0.043194383,66.92308,1.4139180183410645,0.5419399738311768,0.16968894004821777,568.6404490470886
0,260,-2.4639902,3.2133422,0.05024999,0.5754453,1.4948160648345947,0.5637588500976562,1.2102651596069336,571.9157528877258
0,261,4.26277,-2.5962567,0.025035866,2.1704388,1.4894201755523682,0.5856339931488037,0.06703376770019531,574.0652799606323
0,262,21.59275,-22.554966,0.051453844,35.46035,1.4242260456085205,0.5808961391448975,0.060812950134277344,576.1376781463623
0,263,41.853226,-41.028175,0.06018277,51.36856,1.4271459579467773,0.5742459297180176,0.06065511703491211,578.207319021225
0,264,48.809322,-49.167168,0.047131732,63.07205,1.3906118869781494,0.5632367134094238,0.06418156623840332,580.2320058345795
0,265,55.97084,-56.177116,0.019556219,55.80317,1.38618803024292,0.5553510189056396,0.06078791618347168,582.2413640022278
0,266,77.15827,-77.2348,0.028975159,122.38176,1.382812261581421,0.5450019836425781,0.0603177547454834,584.235692024231
0,267,79.47422,-79.91824,0.07117635,78.56317,1.3802909851074219,0.5506539344787598,0.06357836723327637,586.2367720603943
0,268,84.337074,-83.98732,0.06527028,78.45003,1.3898091316223145,0.548119068145752,0.1681368350982666,588.3494091033936
0,269,6.1681075,-3.9489274,0.041392688,12.342129,1.4728360176086426,0.537362813949585,0.06319522857666016,590.4303689002991
0,270,-0.019135594,1.9225485,0.048801042,1.3406918,1.3858637809753418,0.5613260269165039,1.2200510501861572,593.6044778823853
0,271,4.6166296,-4.7438283,0.026979145,-10.99198,1.4421000480651855,0.5710856914520264,0.06050515174865723,595.6861209869385
0,272,-32.20961,27.516777,0.098866165,-39.205116,1.4348573684692383,0.525346040725708,0.06027078628540039,597.7130150794983
0,273,-17.671385,14.806505,0.06270007,-32.27442,1.4271888732910156,0.5764448642730713,0.0667572021484375,599.7894971370697
0,274,-19.28114,20.57334,0.030585537,-15.032332,1.416788101196289,0.541064977645874,0.06043195724487305,601.8144788742065
0,275,-9.138411,6.344303,0.044873394,3.6198273,1.3915011882781982,0.5581660270690918,0.06109786033630371,603.8314089775085
0,276,8.976281,-7.9951773,0.072940744,0.60262215,1.389672040939331,0.5433688163757324,0.06349515914916992,605.8341748714447
0,277,-15.191931,15.232573,0.03699326,-6.335719,1.3898298740386963,0.5483992099761963,0.06366991996765137,607.8426558971405
0,278,-29.983704,28.04935,0.168133,-53.486694,1.3775050640106201,0.536811113357544,0.06072378158569336,609.8238101005554
0,279,-67.6349,66.93027,0.17047323,-53.11334,1.3838629722595215,0.5525310039520264,0.06477618217468262,611.8310799598694
0,280,-38.80802,42.397564,0.27031997,-71.16695,1.3848459720611572,0.5343570709228516,1.3169031143188477,615.0747449398041
0,281,-26.725803,25.4263,0.11146691,-35.82824,1.4061288833618164,0.5699450969696045,0.06013894081115723,617.1182730197906
0,282,-12.595448,13.085772,0.030274853,-27.878025,1.412316083908081,0.558661699295044,0.06422948837280273,619.1598751544952
0,283,-7.067423,7.371938,0.07528319,-12.578581,1.4156761169433594,0.5603101253509521,0.06267690658569336,621.2046959400177
0,284,-26.527512,24.00399,0.088822775,-47.12037,1.413856029510498,0.5803830623626709,0.06113576889038086,623.2663547992706
0,285,-21.243528,23.040272,0.019976396,-28.76228,1.4406421184539795,0.5582859516143799,0.06430292129516602,625.3356509208679
0,286,-37.538364,38.044754,0.02275271,-23.91594,1.4167580604553223,0.5650873184204102,0.061223506927490234,627.3857500553131
0,287,-1.6155231,1.381932,0.02999683,-15.852555,1.417496919631958,0.5650391578674316,0.06593799591064453,629.4406237602234
0,288,-54.98042,52.53083,0.038360707,-83.13362,1.4144880771636963,0.576434850692749,0.06658506393432617,631.5042817592621
0,289,-89.82568,88.75812,0.19059204,-90.34511,1.3934710025787354,0.5636332035064697,0.17030882835388184,633.6385269165039
0,290,-106.9783,111.71625,0.063391715,-105.77524,1.415881872177124,0.532667875289917,1.2161102294921875,636.8095028400421
0,291,-100.08234,99.409966,0.03017085,-116.56789,1.429382085800171,0.5604000091552734,0.06626677513122559,638.873212814331
0,292,-146.03424,144.99802,0.10352255,-136.95567,1.4279422760009766,0.5616438388824463,0.06561613082885742,640.9356379508972
0,293,-95.15426,93.716965,0.016338822,-96.872955,1.3976731300354004,0.5445270538330078,0.06263470649719238,642.9468998908997
0,294,-101.97759,103.697266,0.022287311,-92.55646,1.4346330165863037,0.5619912147521973,0.06882667541503906,645.0184519290924
0,295,-73.98651,73.62552,0.104866326,-85.78428,1.4104580879211426,0.5459849834442139,0.062454938888549805,647.0442087650299
0,296,-90.60232,86.42114,0.06478421,-95.52631,1.449899673461914,0.5737361907958984,0.06432890892028809,649.1389570236206
0,297,-98.28989,95.22097,0.1150968,-98.456696,1.4209599494934082,0.5757367610931396,0.06712818145751953,651.209193944931
0,298,-45.702236,45.537163,0.44332832,-21.165628,1.3890020847320557,0.5727581977844238,0.1801917552947998,653.3588538169861
0,299,33.84507,-36.153526,0.16522843,51.911736,1.4136898517608643,0.5777850151062012,0.0634758472442627,655.4203419685364
0,300,41.8687,-41.06948,0.2081245,34.43182,1.413680076599121,0.5279459953308105,1.2179839611053467,658.5861740112305
0,301,11.789355,-11.40173,0.1661913,10.311611,1.4371907711029053,0.5890591144561768,0.06616616249084473,660.6865200996399
0,302,10.35579,-8.251112,0.061478585,16.676113,1.4562911987304688,0.5665390491485596,0.06896090507507324,662.7853779792786
0,303,39.757576,-40.957798,0.041812092,70.04199,1.439208984375,0.5811059474945068,0.06534099578857422,664.8789591789246
0,304,60.955547,-60.821915,0.028919624,56.027718,1.3875279426574707,0.5740258693695068,0.06330418586730957,666.9106910228729
0,305,54.509514,-55.136547,0.07504199,38.983585,1.4085400104522705,0.5539050102233887,0.06267404556274414,668.9420018196106
0,306,34.527554,-34.77858,0.032097943,41.38275,1.3847339153289795,0.5414550304412842,0.06690692901611328,670.9419639110565
0,307,35.793423,-34.891277,0.052907385,23.524826,1.3831031322479248,0.5420610904693604,0.0625917911529541,672.9368169307709
0,308,24.762157,-26.24639,0.04217933,24.899334,1.3813600540161133,0.5458970069885254,0.17198991775512695,675.0424890518188
0,309,22.426928,-23.290966,0.116049185,11.234602,1.395211935043335,0.555717945098877,0.06589007377624512,677.0660090446472
0,310,4.641634,-6.7420835,0.049743906,18.624416,1.3857030868530273,0.5443360805511475,1.220155954360962,680.2229619026184
0,311,-6.534914,4.1919737,0.030944295,-3.3402138,1.4042067527770996,0.561359167098999,0.06240677833557129,682.2586739063263
